{"cameraMode":{"drawMode":0,"name":"Shaded","section":"Shading Mode"},"sceneLighting":true,"audioPlay":false,"sceneViewState":{"showFog":true,"showMaterialUpdate":true,"showSkybox":true,"showFlares":true,"showImageEffects":true,"showParticleSystems":true},"in2DMode":false,"pivot":{"x":160.28970336914063,"y":176.3406524658203,"z":187.13218688964845},"rotation":{"x":0.09295856952667237,"y":0.3460482060909271,"z":-0.034480247646570209,"w":0.9329688549041748},"size":13.641073226928711,"orthographic":false}