{"cameraMode":{"drawMode":0,"name":"Shaded","section":"Shading Mode"},"sceneLighting":true,"audioPlay":false,"sceneViewState":{"showFog":true,"showMaterialUpdate":false,"showSkybox":true,"showFlares":true,"showImageEffects":true,"showParticleSystems":true},"in2DMode":false,"pivot":{"x":366.7951354980469,"y":-57.449920654296878,"z":481.5639343261719},"rotation":{"x":-0.6352532505989075,"y":-0.05361589044332504,"z":0.04427453875541687,"w":-0.769203245639801},"size":858.2578125,"orthographic":false}