{"cameraMode":{"drawMode":0,"name":"Shaded","section":"Shading Mode"},"sceneLighting":true,"audioPlay":false,"sceneViewState":{"showFog":true,"showMaterialUpdate":true,"showSkybox":true,"showFlares":true,"showImageEffects":true,"showParticleSystems":true},"in2DMode":false,"pivot":{"x":444.7829284667969,"y":7.4310150146484379,"z":151.96194458007813},"rotation":{"x":-0.06332850456237793,"y":-0.8724236488342285,"z":0.11742621660232544,"w":-0.47025230526924136},"size":571.87109375,"orthographic":false}